SiteURL,Chamber Name,PhoneNumber,Address,EmailAddress
www.watergrill.com,Water Grill Santa Monica,"
(310) 394-5669
",1401 Ocean Ave.Santa MonicaCA90401,"{'jhada@watergrill.com', 'jjames@watergrill.com', 'kgosselin@watergrill.com', 'ealbarran@watergrill.com', 'your@email.com', 'bguinyard@watergrill.com', 'mort@watergrill.com', 'gmejia@watergrill.com', 'pbendezu@watergrill.com', 'jmoulton@watergrill.com', 'contactus@watergrill.com', 'info@watergrill.com', 'jessica@watergrill.com', 'talayeh@watergrill.com', 'accessibility@kingsseafood.com', 'ekountz@watergrill.com', 'jemerzian@watergrill.com', 'brivera@watergrill.com', 'bmarie@watergrill.com'}"
www.kaleomarketing.com,Kaleo Marketing,"
(310) 948-8720
",8592 Venice Blvd. Los AngelesCA90034,{'hiring@kaleomarketing.com.'}
www.flashtrackdigital.com,"Flashtrack Digital, LLC","
8184370012
",30423 Canwood Street Ste. 105Agoura HillsCA91301,NULL
www.recasher.com,Recasher,"
(310) 625-7890
","520 Broadway, #200Santa MonicaCA90401","{'support@recasher.com.', 'ludman@recasher.com.', 'ludman@recasher.com', 'privacy@recasher.com', 'suppport@recasher.com.'}"
www.linkedin.com,Los Angeles Times,"
(310) 873-8199
",2300 E. Imperial HighwayEl SegundoCA90245,NULL
www.41oceanclub.com,41 Ocean Club,"
(310) 879-4141
","1541 Ocean Ave., Ste. 120Santa MonicaCA90401",NULL
www.talk2tish.com,"Staff Support, Inc.","
(310) 867-3334
","11701 Texas Ave., Ste. 211West LACA90025","{'Tish@talk2tish.com', 'tish@talk2tish.com', 'tish.tisherman@pacpark.com'}"
www.sparkrise.com,Spark Rise ,"
(818) 303-5802
",7449 Aldea Ave.Van Nuys CA91406,"{'sr-web-logo@2x.9ee7682.png', 'support@SparkRise.com', 'support@SparkRise.com.', 'kilmer-photo@2x.352892d.jpg', 'contact-us1@sparkrise.com'}"
www.tiato.com,TIATO Kitchen + Venue | AN Catering by Crustacean,"
(310) 866-5228
","2700 Colorado Ave., Santa MonicaCA90404",{'tiatoopen_-_new_look-2018_6365f59c-2c8d-4edb-bf10-cbdff5877f7e_x35@2x.png'}
www.bubbagump.com,Bubba Gump Shrimp Co.,"
(310) 393-0458
","301 Santa Monica Pier, Bldg. 9Santa MonicaCA90401","{'TeamBGHongKong@ldry.com', 'info@bubbagumpshrimp.co.uk', 'cath.mendoza@bubbagump.com.ph', 'rwong@ldry.com', 'BMcCreight@ldry.com'}"
www.elcholo.com,El Cholo Mexican Restaurant,"
(310) 899-1106
",1025 Wilshire Blvd.Santa MonicaCA90401,"{'shoppingcart@elcholo.com', 'stories@elcholo.com'}"
www.drivetrafficmedia.net,Drive Traffic Media,"
(310) 341-3939
",520 Broadway Suite 200Santa MonicaCA90401,NULL
www.chelseakwoka.com,Chelsea Kwoka Voice Over,"
3216937588
",1738 Purdue Ave Los AngelesCA90025,"{'whatwg-fetch@3.0.0', 'requirejs-bolt@2.3.6', 'talent@chelseakwoka.com', 'voiceoverla@abramsartistsagency.com', '8b4e078a51d04e0e9efdf470027f0ec1@sentry.wixpress.com', 'core-js-bundle@3.2.1'}"
www.themiddleland.com,New San Cai,"
(800) 905-3659
",100 Wilshire Blvd.Santa MonicaCA90401,"{'editor@newsancai.com', 'editor@themiddleland.com', 'subscription@themiddleland.com'}"
www.becrystalclear.com,Be Crystal Clear,"
(424) 280-4525
",719 BroadwaySanta MonicaCA90401,NULL
www.lavecchiacucina.com,La Vecchia Cucina,"
(310) 399-7979
",2654 Main StreetSanta MonicaCA90405,"{'info@lavecchia.com', 'thao@lavecchia.com'}"
www.printingpalace.com,Printing Palace,"
(310) 451-5151
",2300 Lincoln BlvdSanta MonicaCA90405,NULL

www.newsprime.net,"NewsPrime, Inc.","
310-663-8373
",100 Wilshire BoulevardSanta MonicaCA90401,NULL
annenbergbeachhouse.com,Annenberg Community Beach House,"
(310) 458-4904
",415 Pacific Coast Hwy.Santa MonicaCA90402,"{'beach.house@smgov.net', 'SMArts@smgov.net', 'beachhouse@smgov.net', 'BeachHouseEvents@smgov.net', 'BeachHouse@smgov.net', 'Lise.Henry@smgov.net', 'Beach.House@smgov.net'}"
www.lasocialkarma.com,L.A. Social Karma,"
(323) 382-4169
",NULL,NULL
www.brandbrasserie.com,Brand Brasserie,"
(213) 465-0045
",NULL,"{'8b4e078a51d04e0e9efdf470027f0ec1@sentry.wixpress.com', 'whatwg-fetch@3.0.0', 'info@brandbrasserie.com', 'core-js-bundle@3.2.1', 'requirejs-bolt@2.3.6'}"
www.energyupgradeca.org,Energy Upgrade California,"
(323) 472-3223
","1513 Sixth Street, #204Santa MonicaCA90401",NULL
www.argonautnews.com,The Argonaut,"
(310) 822-1629
",5301 Beethoven Street Los AngelesCA90066,NULL
www.curtis-company.com,Curtis and Company,"
(310) 720-6144
",1052 S. Crescent Heights BlvdLos AngelesCA90035,"{'vicky@curtis-company.com', 'info@new.curtis-company.com'}"
www.1212santamonica.com,1212 Santa Monica,"
(310) 576-9996
",1212 3rd St. PromenadeSanta MonicaCA90401,{'1212events@globaldiningca.com'}
XrossWorld.net,XrossWorld.net,"
2139253683
",800 Oneonta DriveLos AngelesCalifornia90065,{'support@xrossworld.net'}
www.sweetvirtues.com,Sweet Virtues,"
(310) 663-7828
",NULL,NULL
www.energyupgradeca.org,Energy Upgrade California,"
(323) 472-3223
","1513 Sixth Street, #204Santa MonicaCA90401",NULL
www.belairbranding.com,Bel Air Branding,"
(412) 915-4459
",NULL,"{'info@BelAirBrandingagency.com', 'info@belairbrandingagency.com'}"
www.themisfitbar.com,The Misfit Santa Monica,"
(310) 656-9800
",225 Santa Monica Blvd.Santa MonicaCA90401,NULL
www.barkerhangar.com,"Barker Hangar/Santa Monica Air Center, Inc.","
(310) 390-9071
","3021 Airport Ave., Ste. 203Santa MonicaCA90405",NULL
www.shuttersonthebeach.com,Shutters On the Beach,"
(310)458-0030 x4301
",One Pico BoulevardSanta MonicaCA90405,"{'reservations@shuttersonthebeach.com', 'etchotels@murphyobrien.com'}"
www.mochabearmarketing.com,MochaBear Marketing,"
424-272-6712
",1112 Montana AveSanta MonicaCA90403,NULL
www.processgreen.com,Process Green,"
(213) 255-5579
",12103 1/2 Washington PlaceLos AngelesCA90066,NULL
sunriseseniorliving.com,Sunrise of Santa Monica,"
310-899-1976
",1312 15th StreetSanta MonicaCA90404,"{'Sunrise@sunriseseniorliving.com', 'CCPAinfo@sunriseseniorliving.com', 'dpo@sunriseseniorliving.com', 'PrivacyShield@sunriseseniorliving.com'}"
www.fluencebrands.com,Fluence Brands,"
310-899-1976
",NULL,"{'core-js-bundle@3.2.1', 'hello@fluencebrands.com', 'requirejs-bolt@2.3.6', 'whatwg-fetch@3.0.0', '8b4e078a51d04e0e9efdf470027f0ec1@sentry.wixpress.com'}"
www.fairmont.com,Fairmont Miramar Hotel & Bungalows,"
(310) 576-7777
",101 Wilshire BlvdSanta MonicaCA90401,"{'Reservations.Jakarta@Fairmont.com.', 'ghirardelli.concierge@fairmont.com', 'makati@fairmont.com', 'reservations@fairmont.com', 'palmdubai@fairmont.com', 'bsh.concierge@fairmont.com', 'montecarlo@fairmont.com', 'peacehotel@fairmont.com', 'standrews.scotland@fairmont.com', 'bal.reservations@fairmont.com', 'olympic@fairmont.com', 'hamilton@fairmont.com', 'cll.concierge@fairmont.com', 'reservations.maldives@fairmont.com', 'Reservations.fhpa@fairmont.com', 'fujairah@fairmont.com', 'chengdu@fairmont.com', 'smi.reservations@fairmont.com', 'savoy@fairmont.com', 'pacificrim@fairmont.com', 'chicago@fairmont.com', 'info@kealani.com', 'montreux@fairmont.com', 'bcn.reservas@fairmont.com', 'joe@example.com', 'chateaulaurier@fairmont.com', 'hamburg@fairmont.com', 'meet@fairmont.com', 'sanfrancisco@fairmont.com', 'franzklammer@fairmont.com', 'baku@fairmont.com', 'guestservices@zimbaliresort.com', 'boston@fairmont.com', 'audrey@fairmont.com', 'Austin@fairmont.com', 'yangchenglake@fairmont.com', 'fpcguestservices@fairmont.com', 'tremblant.concierge@fairmont.com', 'nilecity@fairmont.com', 'hpa.guestservices@fairmont.com', 'AdventureArizona@Fairmont.com.', 'orchid@fairmont.com', 'royalpavilion@fairmont.com.', 'marrakech@fairmont.com', 'chateaumontebello@fairmont.com', 'washington@fairmont.com', 'CPZ.reservations@fairmont.com', 'enquiries@katameyaheights.com', 'granddelmar@fairmont.com', 'sanjose@fairmont.com', 'dallas@fairmont.com', 'hvc.concierge@fairmont.com', 'jai.reservations@fairmont.com', 'beijing@fairmont.com', 'montebelloconcierge@fairmont.com', 'chateaufrontenac@fairmont.com', 'babalbahr@fairmont.com', 'kyiv@fairmont.com', 'vancouverairport@fairmont.com', 'waterfronthotel@fairmont.com', 'fairmont.amman@fairmont.com', 'h1988-re@accor.com', 'claremont@fairmont.com', 'palliserhotel@fairmont.com', 'ajman@fairmont.com', 'res@limousinequebec.com', 'bal.reservations2@fairmont.com', 'ghirardellisquare@fairmont.com', 'pittsburgh@fairmont.com', 'hotelmacdonald@fairmont.com', 'theempress@fairmont.com', 'mayakoba@fairmont.com', 'winnipeg@fairmont.com', 'santamonica@fairmont.com', 'manoirrichelieu@fairmont.com', 'jasperparklodge@fairmont.com', 'FPCGuestServices@fairmont.com', 'cwr.concierge@fairmont.com', 'southampton@fairmont.com', 'royalpavilion@fairmont.com', 'sea.concierge@fairmont.com', 'makkah@fairmont.com', 'myk.concierge@fairmont.com', 'FMC.concierge@fairmont.com', 'nanjing@fairmont.com', 'kenya.reservations@fairmont.com', 'fairmont.riyadh@fairmont.com', 'queenelizabeth.hotel@fairmont.com', 'Reservations.Singapore@Fairmont.com', 'dubai@fairmont.com', 'istanbul@fairmont.com', 'orc.concierge@fairmont.com', 'name@domaine.com', 'plazareservation@fairmont.com', 'Reservations.Jakarta@Fairmont.com', 'ryh.reservations@fairmont.com', 'scottsdale@fairmont.com', 'singapore@fairmont.com', 'chateaulakelouise@fairmont.com', 'residential.ownerservices@fairmont.com', 'banffsprings@fairmont.com', 'JPL.Concierge@Fairmont.com', 'chateauwhistlerresort@fairmont.com', 'fairmonttremblant@fairmont.com'}"
www.c-istudios.com,C&I Studios,"
(240) 476-7638
",NULL,NULL
www.ganzmedia.com,GANZ Media,"
(818) 486-2036
",NULL,NULL
www.push-pulldesigns.com,Push Pull Design LLC,"
(310) 710-1349
",365 E Avenida de Los ArbolesThousand OaksCA91360 ,"{'michael@push-pulldesigns.com', 'michael@push-pulldesigns.com.'}"
www.ionavt.com,ION AVT Inc.,"
(818) 804-8891
",15406 Cabrito RoadVan NuysCA91406,"{'info@ionavt.com', 'contact@ionavt.com'}"
www.loewshotels.com,Loews Santa Monica Beach Hotel,"
(310) 458-6700
",1700 Ocean Ave.Santa MonicaCA90401,"{'sample@cendyn.com', 'cbreleadcoordinator@loewshotels.com', 'OrlandoReservations@LoewsHotels.com', 'careers@loewshotels.com', 'orlandoreservations@loewshotels.com', 'phieleadcoordinator@loewshotels.com', 'SMurov@Loewshotels.com', 'chi.sales@loewshotels.com', 'reservations@loewshotels.com', 'smurov@loewshotels.com', 'TAHelpDesk@LoewsHotels.com', 'NOHeLeadCoordinator@loewshotels.com', 'sfoeleadcoordinator@loewshotels.com', 'lbbeleadcoordinator@loewshotels.com', 'smbeleadcoordinator@loewshotels.com', 'lmbeleadcoordinator@loewshotels.com', '+1Robin.Swick@loewshotels.com', 'loewshotelsreservations@loewshotels.com', 'info@bishatoronto.com', 'vpheleadcoordinator@loewshotels.com', 'development@loewshotels.com', 'regeleadcoordinator@loewshotels.com', 'eleadcoordinatoratlanta@loewshotels.com', 'LoewsHotelsReservations@LoewsHotels.com', 'Museum-Park-@therealspiegel-516x300.jpg', 'Robin.Swick@loewshotels.com', 'UOPreferredDesk@LoewsHotels.com', 'privacy@loewshotels.com', 'lhveleadcoordinator@loewshotels.com', 'ssccustomerservice@loewshotels.com', 'seattlesales@loewshotels.com', 'ohr.eleadcoordinator_ac@loewshotels.com', 'vcreleadcoordinator@loewshotels.com', 'david.griffin@loewshotels.com', 'meetings@universalorlando.com', 'lhheleadcoordinator@loewshotels.com', 'lbaeleadcoordinator@loewshotels.com', 'Museum-Park-@therealspiegel-248x300.jpg', 'lkwgstsrvctcommission@loewshotels.com'}"
www.barrister-suites.com,Barrister Executive Suites - Santa Monica,"
(310) 917-1000
","100 Wilshire Blvd., #700Santa MonicaCA90401",{'leasing@barrister-suites.com'}
makailounge.com,Ma'Kai Restaurant,"
3104341511
",101 BroadwaySanta MonicaCA90401,NULL
www.newsprime.net,"NewsPrime, Inc.","
310-663-8373
",100 Wilshire BoulevardSanta MonicaCA90401,NULL
www.watergrill.com,Water Grill Santa Monica,"
(310) 394-5669
",1401 Ocean Ave.Santa MonicaCA90401,"{'ealbarran@watergrill.com', 'bguinyard@watergrill.com', 'pbendezu@watergrill.com', 'talayeh@watergrill.com', 'accessibility@kingsseafood.com', 'jemerzian@watergrill.com', 'mort@watergrill.com', 'info@watergrill.com', 'jmoulton@watergrill.com', 'bmarie@watergrill.com', 'jhada@watergrill.com', 'ekountz@watergrill.com', 'brivera@watergrill.com', 'jjames@watergrill.com', 'jessica@watergrill.com', 'contactus@watergrill.com', 'your@email.com', 'gmejia@watergrill.com', 'kgosselin@watergrill.com'}"
www.bigbitefilms.com,Big Bite Films,"
(310) 393-1338
",1327 Ocean AvenueSanta MonicaCA90401,"{'8b4e078a51d04e0e9efdf470027f0ec1@sentry.wixpress.com', 'requirejs-bolt@2.3.6', 'core-js-bundle@3.2.1', 'whatwg-fetch@3.0.0', 'info@bigbiteprod.com'}"
www.mochabearmarketing.com,MochaBear Marketing,"
424-272-6712
",1112 Montana AveSanta MonicaCA90403,NULL
www.santamonica.com,Santa Monica Travel & Tourism,"
(310) 319-6263
",2427 Main St.Santa MonicaCA90405,"{'info@santamonica.com', 'police@smgov.net', 'SMTT-Logo-Blu_LtBlu_200x@2x.jpg', 'clientservices@santamonica.com', 'reservations@georgianhotel.com.', 'reservations@shangrila-hotel.com', 'Stella-Rose-and-the-Sea-Dragon-book-online-store_195x195@2x.jpg', 'Santa-Monica-Big-Blue-Bus_Toy-Bus_195x195@2x.jpg', 'Route-66-Santa-Monica-Youth-T-shirt_195x195@2x.jpg', 'Soul_T-shirt_195x195@2x.jpg', 'infosantamonica@herringboneeats.com', 'Crop-sweater-FRONT_195x195@2x.jpg', 'tmitsuhata@santamonica.com', 'lsalisbury@santamonica.com', 'Orlebar-Brown-SM-Board-Shorts_345x@2x.jpg', 'Color-sweater-BACK_195x195@2x.jpg', 'bhansler@santamonica.com', 'name@host.tld', 'Jalvarez@santamonica.com', 'marketing@santamonica.com', 'Grey_long_sleeve_shirt_195x195@2x.jpg', 'Dog_leash_-_orange_195x195@2x.jpg', 'reservations@sonomawinegarden.com', 'bill@cfarley.com', 'Dog_collar-blue_195x195@2x.jpg', 'simonkneafsey@hotmail.com', 'Pride-T-shirt-FRONT_195x195@2x.jpg', 'bwright@santamonica.com', 'Orlebar-Brown-SM-Board-Shorts_1024x1024@2x.jpg', 'info@santamonica.com.'}"
annenbergbeachhouse.com,Annenberg Community Beach House,"
(310) 458-4904
",415 Pacific Coast Hwy.Santa MonicaCA90402,"{'beachhouse@smgov.net', 'Lise.Henry@smgov.net', 'BeachHouseEvents@smgov.net', 'beach.house@smgov.net', 'BeachHouse@smgov.net'}"
santamonicasuites.doubletree.com,DoubleTree Suites by Hilton Santa Monica,"
(310) 395-3332
",1707 4th StreetSanta MonicaCA90401,NULL
www.fairmont.com,Fairmont Miramar Hotel & Bungalows,"
(310) 576-7777
",101 Wilshire BlvdSanta MonicaCA90401,"{'granddelmar@fairmont.com', 'sanfrancisco@fairmont.com', 'chateaufrontenac@fairmont.com', 'hotelmacdonald@fairmont.com', 'plazareservation@fairmont.com', 'kenya.reservations@fairmont.com', 'winnipeg@fairmont.com', 'makati@fairmont.com', 'hamilton@fairmont.com', 'smi.reservations@fairmont.com', 'istanbul@fairmont.com', 'Reservations.Jakarta@Fairmont.com', 'baku@fairmont.com', 'orchid@fairmont.com', 'res@limousinequebec.com', 'cwr.concierge@fairmont.com', 'singapore@fairmont.com', 'peacehotel@fairmont.com', 'reservations.maldives@fairmont.com', 'fairmonttremblant@fairmont.com', 'fairmont.amman@fairmont.com', 'babalbahr@fairmont.com', 'chateaumontebello@fairmont.com', 'chateaulakelouise@fairmont.com', 'info@kealani.com', 'claremont@fairmont.com', 'makkah@fairmont.com', 'standrews.scotland@fairmont.com', 'palmdubai@fairmont.com', 'bsh.concierge@fairmont.com', 'savoy@fairmont.com', 'nanjing@fairmont.com', 'bal.reservations2@fairmont.com', 'residential.ownerservices@fairmont.com', 'AdventureArizona@Fairmont.com.', 'orc.concierge@fairmont.com', 'montreux@fairmont.com', 'manoirrichelieu@fairmont.com', 'kyiv@fairmont.com', 'bal.reservations@fairmont.com', 'chicago@fairmont.com', 'montebelloconcierge@fairmont.com', 'marrakech@fairmont.com', 'chengdu@fairmont.com', 'ajman@fairmont.com', 'beijing@fairmont.com', 'pacificrim@fairmont.com', 'scottsdale@fairmont.com', 'franzklammer@fairmont.com', 'pittsburgh@fairmont.com', 'hpa.guestservices@fairmont.com', 'montecarlo@fairmont.com', 'bcn.reservas@fairmont.com', 'Reservations.Singapore@Fairmont.com', 'h1988-re@accor.com', 'chateauwhistlerresort@fairmont.com', 'sanjose@fairmont.com', 'dubai@fairmont.com', 'dallas@fairmont.com', 'FPCGuestServices@fairmont.com', 'ryh.reservations@fairmont.com', 'jai.reservations@fairmont.com', 'nilecity@fairmont.com', 'palliserhotel@fairmont.com', 'CPZ.reservations@fairmont.com', 'fpcguestservices@fairmont.com', 'cll.concierge@fairmont.com', 'queenelizabeth.hotel@fairmont.com', 'theempress@fairmont.com', 'fujairah@fairmont.com', 'hamburg@fairmont.com', 'yangchenglake@fairmont.com', 'banffsprings@fairmont.com', 'ghirardelli.concierge@fairmont.com', 'mayakoba@fairmont.com', 'Reservations.Jakarta@Fairmont.com.', 'hvc.concierge@fairmont.com', 'olympic@fairmont.com', 'JPL.Concierge@Fairmont.com', 'washington@fairmont.com', 'guestservices@zimbaliresort.com', 'vancouverairport@fairmont.com', 'southampton@fairmont.com', 'FMC.concierge@fairmont.com', 'santamonica@fairmont.com', 'boston@fairmont.com', 'ghirardellisquare@fairmont.com', 'Reservations.fhpa@fairmont.com', 'name@domaine.com', 'Austin@fairmont.com', 'myk.concierge@fairmont.com', 'jasperparklodge@fairmont.com', 'royalpavilion@fairmont.com.', 'chateaulaurier@fairmont.com', 'meet@fairmont.com', 'waterfronthotel@fairmont.com', 'tremblant.concierge@fairmont.com', 'royalpavilion@fairmont.com', 'reservations@fairmont.com', 'joe@example.com', 'audrey@fairmont.com', 'sea.concierge@fairmont.com', 'enquiries@katameyaheights.com', 'fairmont.riyadh@fairmont.com'}"
www.mariasol.com,Mariasol,"
(310) 917-5050
",401 Santa Monica PierSanta MonicaCA90401,"{'noreply@mopro.com', 'proteam@mopro.com', 'contactus@mariasol.com'}"
www.lemeridiendelfina.com,Le Méridien Delfina Santa Monica,"
(310) 399-9344
",530 Pico Blvd.Santa MonicaCA90405,NULL
www.bbprinc.com,"BBPR, Inc. / The Firm Communications","
(310) 656-4668
",1296-1/2 Devon AvenueLos AngelesCA90024,"{'Jory@bbrgroupla.com', 'jory@bbrworldwide.com', 'jory@bbrgroupla.com'}"
www.kidsonstage.com,Kids on Stage,"
(310) 314-0035
",PO Box 3664Santa MonicaCA90408,"{'info@test.com', 'contact@kidsonstage.com'}"
www.palisadesmedia.com,"Palisades Mediagroup, Inc.","
(310) 564-5465
",1601 Cloverfield Blvd.Santa MonicaCA90404,"{'lbracken@palisadesmedia.com', 'acardamone@palisadesmedia.com', 'rschaffner@palisadesmedia.com', 'pmccarthy@palisadesmedia.com', 'contact@palisadesmedia.com', 'gwiersema@palisadesmedia.com', 'lfoley@palisadesmedia.com', 'cbrathwaite@palisadesmedia.com'}"
www.jkhconsulting.com,JKH Consulting,"
(646) 262-8044
",321 36th PlaceManhattan BeachCA90266,"{'webmaster@jkhconsulting.com', 'ebirnbaum@jkhconsulting.com', 'info@jkhconsulting.com'}"
www.curtis-company.com,Curtis and Company,"
(310) 720-6144
",1052 S. Crescent Heights BlvdLos AngelesCA90035,"{'vicky@curtis-company.com', 'info@new.curtis-company.com'}"
www.sunryde.com,Sunryde,"
(424) 395-7722
",NULL,"{'contact@sunryde.com', '8b4e078a51d04e0e9efdf470027f0ec1@sentry.wixpress.com', 'requirejs-bolt@2.3.6', 'core-js-bundle@3.2.1', 'partner@sunryde.com', 'whatwg-fetch@3.0.0', 'press@sunryde.com'}"
www.enterprisefishco.com,Enterprise Fish Company,"
(310) 392-8366
",174 Kinney St.Santa MonicaCA90405,"{'noreply@mopro.com', 'proteam@mopro.com'}"
www.argonautnews.com,The Argonaut,"
(310) 822-1629
",5301 Beethoven Street Los AngelesCA90066,NULL
www.michaelssantamonica.com,Michael's Restaurant,"
(310) 451-0843
",1147 3rd St.Santa MonicaCA90403,"{'events@michaelssantamonica.com', 'julian@michaelssantamonica.com', 'info@michaelssantamonica.com', 'molline@michaelssantamonica.com'}"
thryv.com,Thryv,"
(310) 946-8537
",NULL,NULL
www.viceroysantamonica.com,Viceroy Santa Monica,"
(310) 260-7500
",1819 Ocean Ave.Santa MonicaCA90401,NULL
www.xperiencefactory.com,Xperience Factory,"
(310) 488-5444
",NULL,"{'8b4e078a51d04e0e9efdf470027f0ec1@sentry.wixpress.com', 'requirejs-bolt@2.3.6', 'core-js-bundle@3.2.1', 'mh@xperiencefactory.com', 'whatwg-fetch@3.0.0'}"
www.georgianhotel.com,Georgian Hotel,"
(310) 395-9945
",1415 Ocean Ave.Santa MonicaCA90401,"{'Marketing@PacificaHotels.com', 'reservations@georgianhotel.com', 'DataProtection@PacificaHotels.com'}"
www.energyupgradeca.org,Energy Upgrade California,"
(323) 472-3223
","1513 Sixth Street, #204Santa MonicaCA90401",NULL
frontier.com,Frontier,"
(562) 241-0287
",401 Merritt 7NorwalkCT06851,"{'WTG-logo@3x.png', 'TCG-logo@3x-300x80.png', 'marianne.broughton@ftr.com', 'Telarus@3x-300x89.png', 'WTG-logo@3x-300x82.png', 'TCG-logo@3x.png', 'talent.acquisition@ftr.com.', 'username@frontier.com', 'todd.karcz@ftr.com', 'frontier@ftr.com', 'talent.acquisition@ftr.com', 'Sandler-logo@3x-300x51.png', 'Sandler-logo@3x.png', 'Intelisys-logo@3x-300x147.png', 'Telarus@3x.png', 'stefan.goldstein@ftr.com', 'wholesale@ftr.com', 'Intelisys-logo@3x.png'}"
Salmonrunfilms.net,Salmon Run Films,"
(310) 625-7373
",1223 Wilshire Blvd #751Santa MonicaCA90403,NULL
www.internationalmediaservices.com,International Media Services Inc. (HMG),"
(310) 586-9743
",3017 Santa Monica Blvd. Santa MonicaCA 90404,"{'bookings@internationalmediaservices.com', 'bookings@internationalmediaservices.com.'}"
www.cmc-promotional-merchandising.com,Chezgal Merchandising Creations,"
(310) 841-5874
",8936 W. 25th St.Los AngelesCA90034,"{'chezgal@pacbell.net', 'Chezgal@pacbell.net'}"
www.labusinessjournal.com,Los Angeles  Business Journal,"
(323) 549-5225
","5700 Wilshire Blvd., Ste. 170Los AngelesCA90036","{'lsolnit@labusinessjournal.com', 'circulation1@labusinessjournal.com', 'rmurray@labusinessjournal.com', 'ejuse@labusinessjournal.com', 'mtully@oraclecapital.com', 'losangelesbusinessjournal@pubservice.com', 'msantizo@labusinessjournal.com', 'jslater@labusinessjournal.com', 'nmontalvo@labusinessjournal.com', 'kshah@pbsengineers.com', 'annam@labusinessjournal.com', 'nbayazit@labusinessjournal.com', 'emazen@labusinessjournal.com', 'kkhosrovani@ppbi.com', 'haskari@labusinessjournal.com', 'newsdesk@labusinessjournal.com', 'david@mdmexecutives.com', 'galeksanian@labusinessjournal.com', 'dgentilella@labusinessjournal.com', 'sales@labusinessjournal.com', 'gjacobi@ppbi.com', 'paul.ruwe@1898andco.com', 'rbenitez@pbsengineers.com'}"
www.kaleomarketing.com,Kaleo Marketing,"
(310) 948-8720
",8592 Venice Blvd. Los AngelesCA90034,{'hiring@kaleomarketing.com.'}
www.printingpalace.com,Printing Palace,"
(310) 451-5151
",2300 Lincoln BlvdSanta MonicaCA90405,NULL
www.thelobster.com,The Lobster,"
(310) 458-9294
",1602 Ocean Ave.Santa MonicaCA90401,"{'lynne@thelobster.com', 'info@thelobster.com'}"
www.cavesocial.com,Cave Social,"
(310) 209-8969
",1526 14th StSanta MonicaCA90404,NULL
www.edmunds.com,Edmunds.com,"
(310) 309-6300
","1620 26th St., Ste. 400 S.Santa MonicaCA90404",NULL
www.mickeymcilroy.com,Michael Hibbert Graphic Design,"
(310) 428-7232
",NULL,{'mickeytherat@gmail.com'}
www.rustyssurfranch.com,Rusty's Surf Ranch,"
(310) 393-7437
",256 Santa Monica PierSanta MonicaCA90401,"{'8b4e078a51d04e0e9efdf470027f0ec1@sentry.wixpress.com', 'requirejs-bolt@2.3.6', 'core-js-bundle@3.2.1', 'whatwg-fetch@3.0.0'}"
www.lavecchiacucina.com,La Vecchia Cucina,"
(310) 399-7979
",2654 Main StreetSanta MonicaCA90405,"{'thao@lavecchia.com', 'info@lavecchia.com'}"
www.thehuntleyhotel.com,Huntley Santa Monica Beach Hotel,"
(310) 394-5454
",1111 2nd St.Santa MonicaCA90403,"{'info@thehuntleyhotel.com', 'info@thehuntleyhotel.com.', 'Events@thehuntleyhotel.com', 'reservations@hiltonvb.com'}"
www.myfairyswagmother.com,My Fairy Swagmother,"
650-575-5132
",NULL,"{'8b4e078a51d04e0e9efdf470027f0ec1@sentry.wixpress.com', 'requirejs-bolt@2.3.6', 'core-js-bundle@3.2.1', 'whatwg-fetch@3.0.0', 'veronica@myfairyswagmother.com'}"
spinpr.com,Spin PR,"
(323) 330-9559
",929 Colorado Blvd.Santa MonicaCA90401,{'deedee@spinpr.com'}
laanyday.com,L.A. Any Day,"
(310) 729-9626
",2461 Santa Monica Blvd.Santa MonicaCA90404,"{'laanyday2018@gmail.com', 'Kimberly@laanyday.com.', 'Kimberly@LAanyday.com', 'kimberly@laanyday.com'}"
www.linkedin.com,Los Angeles Times,"
(310) 873-8199
",2300 E. Imperial HighwayEl SegundoCA90245,NULL
www.starlinetours.com,StarLine Tours,"
(323) 785-6740
",322 Santa Monica PierSanta MonicaCA90401,NULL
www.ka-pow.com,KP Public Affairs,"
(916) 498-7730
","621 Capitol Mall, Suite 1900SacramentoCA95814","{'cdicaro@ka-pow.com', 'kgibbons@ka-pow.com', 'cchristensen@ka-pow.com', 'cmchenry@ka-pow.com', 'sminor@ka-pow.com', 'pperez-obrien@ka-pow.com', 'thodgkin@ka-pow.com', 'pgeorge@ka-pow.com', 'bdocherty@ka-pow.com', 'jreynolds@ka-pow.com', 'amacleod@ka-pow.com', 'wsmith@ka-pow.com', 'cjensen@ka-pow.com', 'bwhite@ka-pow.com', 'sreynolds@ka-pow.com', 'ddang@ka-pow.com', 'vcajina@ka-pow.com', 'pjoyce@ka-pow.com', 'wrutland@ka-pow.com', 'ejones@ka-pow.com', 'jross@ka-pow.com', 'cwagner@ka-pow.com', 'pzenzola@ka-pow.com', 'lroling@ka-pow.com', 'mdillon@ka-pow.com', 'lyarbrough@ka-pow.com', 'jsickenger@ka-pow.com', 'tvanderlist@ka-pow.com', 'mburns@ka-pow.com', 'emanning@ka-pow.com'}"
www.LeMerigotHotel.com,JW Marriott Santa Monica Le Merigot,"
(310) 395-9700
",1740 Ocean Ave.Santa MonicaCA90401,NULL
www.drivetrafficmedia.net,Drive Traffic Media,"
(310) 341-3939
",520 Broadway Suite 200Santa MonicaCA90401,NULL
www.dukesmalibu.com,Duke's Malibu,"
(310) 317-0777
",21150 Pacific Coast Hwy.MalibuCA90265,{'events@dukesmalibu.com'}
www.cvfproductions.com,"CVF Productions, Inc.","
(310) 849-1976
",953 5th StreetSanta MonicaCA90403,NULL
